#{"t_start": 1661999852.086136, "env_id": null}
r,l,t
-1125.0,84,0.155668
-1315.0,91,0.178789
-825.0,88,0.200015
-1195.0,90,0.222296
-960.0,82,0.242523
0.0,92,0.285125
0.0,90,0.314725
0.0,88,0.34025
0.0,84,0.364134
0.0,84,0.388005
-925.0,81,0.764783
-995.0,86,0.982559
-1050.0,86,1.208181
-1000.0,92,1.451087
-725.0,82,1.660291
0.0,90,1.874279
0.0,81,1.897811
0.0,91,1.924156
0.0,87,1.949081
0.0,87,1.974109
-850.0,84,2.181785
-1000.0,90,2.424475
-575.0,85,2.649747
-825.0,87,2.898086
-920.0,84,3.119911
0.0,84,3.333697
0.0,83,3.35745
0.0,91,3.383855
0.0,81,3.407428
0.0,90,3.4326
-830.0,90,3.681099
-920.0,87,3.922148
-725.0,83,4.154021
-790.0,89,4.404892
-650.0,87,4.648555
0.0,83,4.853072
0.0,84,4.877192
0.0,85,4.901321
0.0,89,4.926802
0.0,86,4.951972
-600.0,82,5.199266
-600.0,88,5.465706
-650.0,82,5.702411
-600.0,89,5.983215
-800.0,87,6.250124
0.0,88,6.501444
0.0,88,6.526799
0.0,86,6.553372
0.0,89,6.579287
0.0,90,6.605221
-650.0,81,6.859821
-625.0,84,7.113856
-375.0,81,7.368192
-500.0,83,7.618589
-400.0,87,7.887003
0.0,86,8.176995
0.0,82,8.200918
0.0,90,8.226156
0.0,84,8.250445
0.0,82,8.274218
-520.0,84,8.539605
-540.0,86,8.822034
-325.0,83,9.093694
-305.0,85,9.357811
-250.0,85,9.637993
0.0,82,9.908546
0.0,82,9.932462
0.0,81,9.956383
0.0,90,9.982178
0.0,86,10.007358
-275.0,86,10.302506
-175.0,82,10.574042
-375.0,85,10.866812
-325.0,85,11.148918
-275.0,83,11.436086
0.0,84,11.722975
0.0,89,11.748481
0.0,82,11.77211
0.0,84,11.795861
0.0,91,11.822257
-275.0,86,12.121125
-280.0,90,12.425545
-200.0,88,12.72932
-200.0,91,13.044064
-300.0,85,13.327911
0.0,90,13.564354
0.0,82,13.588512
0.0,89,13.614223
0.0,85,13.638555
0.0,87,13.66408
-250.0,83,13.95338
-200.0,88,14.258238
50.0,82,14.544014
-50.0,82,14.828935
0.0,86,15.132563
0.0,86,15.427785
0.0,88,15.452975
0.0,90,15.47825
0.0,90,15.50351
0.0,89,15.528651
25.0,92,15.856367
0.0,83,16.155118
75.0,89,16.46958
-25.0,91,16.799137
0.0,90,17.122941
0.0,82,17.332906
0.0,88,17.358459
0.0,89,17.384065
0.0,88,17.409772
0.0,86,17.442762
-25.0,91,17.762251
50.0,82,18.056953
0.0,86,18.357306
-125.0,85,18.659268
0.0,83,18.959155
0.0,90,19.243536
0.0,82,19.267186
0.0,90,19.292483
0.0,89,19.318012
0.0,84,19.341912
-75.0,89,19.66872
-50.0,89,19.984156
-50.0,86,20.285249
-50.0,90,20.608751
15.0,85,20.908979
0.0,92,21.150956
0.0,82,21.175114
0.0,89,21.200214
0.0,84,21.223904
0.0,88,21.248865
-125.0,91,21.577857
50.0,87,21.88417
-75.0,86,22.183323
-25.0,85,22.496212
-80.0,85,22.790951
0.0,90,23.04443
0.0,88,23.069474
0.0,90,23.094418
0.0,90,23.119367
0.0,91,23.14538
-125.0,83,23.437962
-125.0,84,23.730436
0.0,90,24.065652
-125.0,85,24.35808
-50.0,90,24.671729
0.0,83,24.939704
0.0,87,24.96486
0.0,84,24.988709
0.0,85,25.012592
0.0,84,25.036423
0.0,85,25.347615
65.0,87,25.650766
0.0,88,25.964065
-50.0,88,26.27767
0.0,87,26.592859
0.0,85,26.847152
0.0,82,26.870882
0.0,91,26.897198
0.0,84,26.92081
0.0,90,26.945821
-25.0,88,27.261229
-50.0,88,27.574873
50.0,87,27.88745
-50.0,88,28.198867
25.0,88,28.511547
0.0,82,28.745902
0.0,83,28.769597
0.0,90,28.794806
0.0,88,28.819767
0.0,90,28.844991
-75.0,90,29.168562
-75.0,81,29.455478
125.0,89,29.76732
50.0,88,30.080663
0.0,82,30.378058
0.0,84,30.646623
0.0,89,30.672522
0.0,90,30.697922
0.0,89,30.723483
0.0,91,30.750505
25.0,82,31.055936
-25.0,83,31.352119
-100.0,89,31.66466
-50.0,84,31.963733
-175.0,85,32.260703
0.0,83,32.556791
0.0,85,32.581998
0.0,86,32.607186
0.0,89,32.632519
0.0,90,32.65802
-25.0,87,32.976404
50.0,91,33.306817
50.0,89,33.623832
25.0,83,33.929029
-25.0,86,34.23396
0.0,89,34.488927
0.0,89,34.514238
0.0,91,34.540574
0.0,82,34.564248
0.0,86,34.589204
-50.0,88,35.241559
-50.0,83,35.544981
-125.0,87,35.85847
-200.0,85,36.155985
-50.0,88,36.472185
0.0,89,36.743716
0.0,91,36.769673
0.0,86,36.798602
0.0,88,36.823252
0.0,81,36.846558
25.0,86,37.161474
50.0,85,37.465041
-50.0,88,37.779025
-150.0,90,38.109348
-50.0,89,38.426343
0.0,83,38.668509
0.0,87,38.693511
0.0,85,38.717111
0.0,89,38.742045
0.0,84,38.765682
0.0,89,39.096082
125.0,82,39.385769
50.0,90,39.711926
0.0,85,40.0141
50.0,86,40.312223
0.0,83,40.577546
0.0,83,40.601654
0.0,82,40.625641
0.0,85,40.649694
0.0,82,40.673236
0.0,87,40.989387
-75.0,82,41.277975
-25.0,85,41.582421
-50.0,88,41.896953
-100.0,82,42.184303
0.0,83,42.484755
0.0,85,42.509021
0.0,91,42.535459
0.0,88,42.560849
0.0,86,42.585866
25.0,85,42.896201
50.0,86,43.198045
-100.0,84,43.493394
0.0,82,43.787348
0.0,83,44.078462
0.0,83,44.388419
0.0,90,44.414328
0.0,83,44.438727
0.0,89,44.464375
0.0,90,44.490287
50.0,91,44.82218
-25.0,86,45.1367
-25.0,85,45.439761
-100.0,83,45.738633
-25.0,82,46.030418
0.0,89,46.312023
0.0,84,46.335655
0.0,82,46.359225
0.0,81,46.382573
0.0,89,46.407412
25.0,82,46.702416
-25.0,86,47.000637
0.0,84,47.302544
25.0,89,47.627962
0.0,89,47.948296
0.0,84,48.217396
0.0,81,48.240824
0.0,83,48.264334
0.0,85,48.287991
0.0,86,48.312639
50.0,81,48.606609
75.0,86,48.909293
-25.0,82,49.209197
15.0,83,49.499819
0.0,81,49.79642
-50.0,85,50.094365
0.0,90,50.121697
0.0,88,50.146901
0.0,87,50.171953
0.0,85,50.195848
0.0,90,50.221113
50.0,88,50.536894
-75.0,83,50.833446
-50.0,82,51.133095
-50.0,90,51.452433
30.0,86,51.767664
0.0,87,52.042359
0.0,88,52.067251
0.0,87,52.092062
0.0,81,52.115307
0.0,86,52.139949
50.0,87,52.455576
100.0,81,52.743611
-50.0,85,53.055874
50.0,81,53.345953
0.0,84,53.646953
0.0,87,53.961705
0.0,86,53.987068
0.0,86,54.01202
0.0,82,54.035964
0.0,82,54.059954
-50.0,86,54.378623
50.0,83,54.677405
25.0,91,54.993509
0.0,85,55.303955
-50.0,90,55.616077
0.0,90,55.870559
0.0,88,55.896415
0.0,87,55.921804
0.0,85,55.945666
0.0,87,55.970684
-25.0,87,56.281073
-175.0,89,56.596431
25.0,86,56.906916
0.0,81,57.193368
-50.0,90,57.512573
0.0,82,57.767221
0.0,82,57.790962
0.0,88,57.816185
0.0,91,57.842692
0.0,89,57.867799
100.0,86,58.176546
25.0,84,58.475292
0.0,85,58.779409
0.0,81,59.083276
0.0,90,59.411655
0.0,88,59.700775
0.0,85,59.724739
0.0,87,59.749829
0.0,86,59.774751
0.0,91,59.801493
-75.0,90,60.131117
-75.0,83,60.42997
150.0,85,60.730486
-75.0,86,61.033523
25.0,86,61.346303
0.0,83,61.612994
0.0,91,61.639298
0.0,86,61.664346
0.0,86,61.689745
0.0,83,61.713788
-25.0,83,62.013022
25.0,86,62.323224
0.0,81,62.609824
0.0,83,62.909774
-25.0,83,63.199772
0.0,81,63.500377
0.0,82,63.52812
0.0,87,63.553289
0.0,90,63.578361
0.0,86,63.603852
0.0,81,63.627504
-25.0,84,63.929411
-335.0,88,64.238848
125.0,85,64.550133
0.0,88,64.864715
50.0,88,65.183093
0.0,88,65.440492
0.0,85,65.464291
0.0,85,65.488183
0.0,90,65.513643
0.0,82,65.537153
-75.0,84,65.833132
0.0,82,66.132607
0.0,82,66.420183
-75.0,82,66.717757
-25.0,86,67.021345
0.0,88,67.355571
0.0,83,67.388645
0.0,87,67.413818
0.0,84,67.437691
0.0,84,67.461611
-25.0,85,67.779347
50.0,87,68.087358
-50.0,82,68.389222
-25.0,88,68.70784
0.0,88,69.020456
0.0,88,69.286881
0.0,81,69.31064
0.0,82,69.334308
0.0,89,69.359752
0.0,81,69.383644
-50.0,87,69.700113
-25.0,84,70.00015
-25.0,90,70.328919
0.0,88,70.643277
-40.0,87,70.939578
0.0,81,71.197006
0.0,90,71.222399
0.0,92,71.248943
0.0,84,71.272887
0.0,83,71.296678
-50.0,83,71.597753
-50.0,91,71.928055
50.0,84,72.224795
50.0,85,72.522438
50.0,85,72.825552
0.0,87,73.108877
0.0,90,73.13436
0.0,86,73.159433
0.0,91,73.18599
0.0,90,73.211217
25.0,84,73.866533
0.0,90,74.206408
25.0,89,74.531191
-50.0,81,74.830282
0.0,84,75.129406
0.0,86,75.410767
0.0,86,75.435973
175.0,83,75.459894
0.0,88,75.485233
175.0,84,75.509175
115.0,82,76.278192
-125.0,83,76.583694
-150.0,89,76.905903
25.0,89,77.222896
-50.0,88,77.536151
0.0,91,77.810904
0.0,85,77.834764
0.0,88,77.859694
0.0,88,77.884678
0.0,82,77.908176
-25.0,82,78.208642
-25.0,91,78.536823
-25.0,88,78.853409
-50.0,86,79.156105
-50.0,85,79.458105
0.0,88,79.726299
0.0,91,79.752819
0.0,89,79.778064
0.0,84,79.801895
0.0,86,79.826709
-50.0,85,80.132024
-50.0,82,80.415809
0.0,87,80.724083
-25.0,84,81.022144
-25.0,86,81.317454
0.0,86,81.608429
0.0,84,81.632097
0.0,92,81.658419
0.0,89,81.683542
0.0,82,81.706963
-25.0,85,82.010263
0.0,82,82.289919
0.0,84,82.589938
-50.0,82,82.885259
-150.0,88,83.189959
0.0,83,83.481115
0.0,90,83.506844
0.0,86,83.531948
0.0,87,83.556957
0.0,83,83.580656
50.0,89,83.899324
-75.0,85,84.197146
-25.0,87,84.505877
-75.0,81,84.788659
25.0,90,85.102648
0.0,88,85.36418
0.0,89,85.389527
0.0,86,85.414493
0.0,82,85.438008
0.0,85,85.462031
0.0,91,85.782111
50.0,84,86.082438
75.0,83,86.374063
-150.0,83,86.663069
25.0,82,86.946878
0.0,85,87.239634
175.0,87,87.26486
175.0,82,87.288536
0.0,91,87.315375
175.0,83,87.339127
200.0,83,88.073765
-50.0,87,88.390445
75.0,90,88.711136
-175.0,87,89.023637
0.0,89,89.33212
-200.0,83,89.581374
-190.0,85,89.605265
-75.0,85,89.629047
-200.0,85,89.652767
-200.0,85,89.676558
-375.0,85,89.978303
50.0,89,90.295351
-5.0,88,90.605788
70.0,82,90.888597
-150.0,90,91.203745
0.0,86,91.456737
175.0,89,91.481979
0.0,88,91.507077
175.0,83,91.530689
175.0,89,91.555889
-100.0,84,91.851479
-80.0,87,92.156127
-10.0,83,92.451601
25.0,86,92.74719
-25.0,87,93.054341
175.0,84,93.330966
175.0,88,93.356141
0.0,91,93.382523
0.0,81,93.405891
0.0,82,93.429433
50.0,87,93.738819
-95.0,86,94.044471
60.0,89,94.356075
75.0,84,94.648376
125.0,89,94.955971
0.0,86,95.204681
0.0,82,95.228483
0.0,86,95.253406
0.0,90,95.278721
175.0,88,95.303848
75.0,83,95.596309
80.0,84,95.888555
80.0,86,96.196807
125.0,86,96.493993
125.0,83,96.784484
85.0,84,97.075702
105.0,88,97.100964
85.0,89,97.126212
150.0,86,97.15137
130.0,82,97.175096
-330.0,86,97.92944
-25.0,82,98.209648
-20.0,92,98.535918
-225.0,88,98.842995
60.0,87,99.148053
175.0,90,99.399682
0.0,84,99.423526
175.0,84,99.447485
175.0,90,99.472778
0.0,90,99.497879
125.0,84,99.788234
105.0,85,100.090528
90.0,88,100.398593
125.0,83,100.68906
50.0,85,100.991615
0.0,85,101.270299
175.0,82,101.294213
175.0,90,101.320089
0.0,85,101.344418
175.0,84,101.368365
-75.0,83,101.658761
0.0,82,101.942486
-75.0,85,102.241532
70.0,88,102.550266
-100.0,86,102.848927
175.0,84,103.133877
175.0,84,103.157887
175.0,82,103.181762
175.0,91,103.215491
175.0,89,103.240496
130.0,85,103.925447
185.0,83,104.216361
-115.0,88,104.525689
135.0,83,104.824396
100.0,89,105.139131
175.0,83,105.422127
175.0,84,105.446334
175.0,84,105.470444
175.0,87,105.495723
0.0,91,105.52229
5.0,82,105.81262
75.0,90,106.125596
125.0,87,106.433621
-250.0,89,106.742103
0.0,89,107.060429
0.0,85,107.299442
175.0,89,107.325029
0.0,85,107.348857
175.0,82,107.372719
0.0,89,107.397959
-100.0,91,107.720575
160.0,82,108.008169
85.0,82,108.293111
-50.0,84,108.59056
0.0,90,108.907339
175.0,85,109.179188
175.0,85,109.203213
175.0,83,109.227254
175.0,83,109.250853
175.0,83,109.274891
10.0,90,109.593125
100.0,86,109.888021
200.0,83,110.184798
90.0,87,110.497556
155.0,84,110.791981
175.0,82,111.053684
175.0,83,111.077634
0.0,90,111.102956
175.0,92,111.129362
175.0,87,111.154493
145.0,90,111.474692
25.0,87,111.775418
35.0,89,112.082707
100.0,85,112.378121
20.0,82,112.664959
175.0,87,112.922677
0.0,85,112.946397
175.0,89,112.971471
175.0,82,112.995064
175.0,88,113.020012
-200.0,86,113.66549
-140.0,87,113.97865
85.0,82,114.272239
100.0,84,114.573045
-225.0,90,114.888239
145.0,89,115.153958
115.0,90,115.179328
175.0,84,115.203065
175.0,90,115.228302
175.0,89,115.253332
130.0,84,115.549086
0.0,90,115.870142
85.0,89,116.181419
-75.0,88,116.491794
25.0,82,116.783325
175.0,88,117.039197
160.0,89,117.064296
175.0,88,117.089345
145.0,91,117.115405
160.0,90,117.140479
-130.0,87,117.449662
-105.0,84,117.738836
-45.0,91,118.062304
105.0,89,118.375791
110.0,89,118.685125
175.0,82,118.922475
0.0,85,118.946361
0.0,81,118.969703
145.0,85,118.993475
0.0,85,119.017079
75.0,89,119.338219
80.0,81,119.62472
75.0,87,119.93461
-175.0,84,120.225959
-15.0,90,120.535312
175.0,83,120.798027
130.0,84,120.822515
0.0,91,120.851166
175.0,88,120.87631
0.0,91,120.902613
95.0,87,121.212282
-60.0,82,121.503189
0.0,86,121.79775
-240.0,87,122.095551
120.0,84,122.390899
175.0,82,122.669082
175.0,82,122.693433
0.0,85,122.717598
175.0,88,122.743184
175.0,86,122.768492
140.0,86,123.072728
-145.0,83,123.362362
40.0,87,123.658491
-60.0,87,123.967703
-200.0,87,124.273918
0.0,91,124.544854
115.0,91,124.571381
0.0,86,124.596542
175.0,82,124.620142
160.0,89,124.645361
-200.0,90,124.963408
40.0,84,125.260513
-175.0,83,125.551203
-20.0,86,125.862154
-105.0,82,126.170583
175.0,88,126.465787
0.0,87,126.490826
175.0,83,126.514573
175.0,89,126.542499
175.0,82,126.566234
0.0,89,126.900192
70.0,86,127.210318
-90.0,87,127.52856
-90.0,82,127.823084
30.0,84,128.133864
0.0,81,128.42183
0.0,91,128.449309
0.0,91,128.476275
175.0,88,128.502018
175.0,87,128.527669
-35.0,92,128.866624
-25.0,89,129.200604
-50.0,91,129.522659
45.0,83,129.82799
75.0,89,130.145377
0.0,85,130.371174
175.0,87,130.396236
0.0,87,130.421316
175.0,82,130.444903
0.0,82,130.468591
60.0,91,130.804663
-60.0,90,131.135767
110.0,83,131.430104
-200.0,87,131.748357
45.0,82,132.047248
175.0,86,132.301955
175.0,88,132.327251
0.0,90,132.35248
0.0,86,132.377432
175.0,87,132.402468
-40.0,85,132.712775
-105.0,91,133.02811
-35.0,87,133.340236
15.0,91,133.668909
50.0,88,133.988792
175.0,82,134.219851
175.0,87,134.24511
145.0,91,134.271469
0.0,85,134.295521
175.0,89,134.321006
-200.0,86,134.639776
-35.0,82,134.932951
-5.0,84,135.240819
-105.0,83,135.545388
125.0,90,135.873521
0.0,87,136.161035
0.0,86,136.186152
175.0,87,136.211205
175.0,84,136.234957
175.0,82,136.258596
-15.0,88,136.571346
65.0,87,136.893764
50.0,88,137.207239
-75.0,83,137.50077
-75.0,82,137.786613
0.0,90,138.06963
0.0,85,138.093601
160.0,85,138.117458
0.0,86,138.142461
175.0,82,138.166031
25.0,88,138.481673
100.0,82,138.78149
25.0,90,139.096539
40.0,84,139.400389
185.0,84,139.705331
175.0,87,139.990104
175.0,89,140.015304
175.0,89,140.040423
175.0,89,140.065728
175.0,84,140.089629
-200.0,82,140.389802
-120.0,88,140.709321
-50.0,85,141.017087
110.0,82,141.323863
-85.0,83,141.611337
0.0,90,141.920976
0.0,86,141.945908
175.0,89,141.970932
175.0,86,141.995717
0.0,90,142.020767
125.0,85,142.330283
120.0,92,142.655868
110.0,87,142.954943
0.0,91,143.278905
-75.0,83,143.572077
175.0,83,143.808989
175.0,83,143.832711
0.0,86,143.857952
175.0,87,143.883504
0.0,85,143.907775
35.0,90,144.232765
55.0,90,144.551287
-185.0,83,144.849334
95.0,85,145.149559
-80.0,91,145.478734
0.0,85,145.717659
0.0,85,145.741609
0.0,86,145.76634
175.0,87,145.791138
0.0,86,145.815911
160.0,83,146.114553
25.0,83,146.410531
50.0,90,146.721191
80.0,89,147.043683
85.0,82,147.329579
175.0,82,147.609926
175.0,88,147.634885
175.0,84,147.658365
175.0,87,147.68296
175.0,83,147.706299
-115.0,90,148.03422
100.0,87,148.34656
-250.0,86,148.6451
-115.0,89,148.957756
-185.0,90,149.276488
0.0,91,149.501316
175.0,88,149.526605
175.0,88,149.551786
0.0,81,149.575433
175.0,89,149.600729
110.0,90,149.927577
125.0,90,150.243183
80.0,89,150.569726
125.0,81,150.855698
95.0,81,151.140499
175.0,82,151.396954
175.0,83,151.420482
0.0,90,151.445428
175.0,89,151.470426
175.0,81,151.493695
-5.0,90,152.15672
135.0,87,152.498518
-175.0,86,152.801467
110.0,81,153.087694
-75.0,88,153.401225
0.0,85,153.665869
175.0,86,153.689957
0.0,85,153.713645
175.0,81,153.736984
0.0,84,153.760881
80.0,86,154.07571
70.0,89,154.393038
5.0,89,154.706806
80.0,82,155.009721
60.0,86,155.317546
0.0,90,155.590303
0.0,91,155.616987
175.0,87,155.642293
0.0,85,155.666278
0.0,86,155.691262
-100.0,88,156.010559
-130.0,88,156.328894
-45.0,87,156.648896
-200.0,85,156.951722
110.0,87,157.270129
175.0,87,157.531391
0.0,91,157.558821
0.0,90,157.58488
175.0,90,157.610383
0.0,91,157.636824
125.0,86,157.951485
185.0,81,158.235279
135.0,86,158.547447
-100.0,91,158.861442
-20.0,88,159.172791
175.0,81,159.439252
0.0,86,159.464428
0.0,81,159.488034
175.0,88,159.513158
0.0,91,159.539545
-150.0,88,159.850032
125.0,83,160.150092
50.0,91,160.483624
30.0,84,160.783459
105.0,90,161.104798
175.0,83,161.362182
175.0,87,161.387547
0.0,91,161.413921
175.0,88,161.439032
175.0,90,161.464386
110.0,84,161.766486
100.0,90,162.094548
50.0,84,162.393223
-5.0,84,162.692401
105.0,91,163.023127
175.0,83,163.276694
0.0,87,163.301647
175.0,83,163.325302
175.0,87,163.350598
175.0,87,163.375975
80.0,83,163.671312
25.0,81,163.959716
85.0,90,164.288991
170.0,86,164.586534
50.0,87,164.899742
175.0,82,165.179651
175.0,84,165.203632
0.0,90,165.229027
175.0,82,165.252821
0.0,91,165.279308
95.0,90,165.607789
-5.0,90,165.919399
75.0,87,166.227831
170.0,84,166.526731
-50.0,84,166.822
175.0,82,167.068892
175.0,87,167.094033
175.0,82,167.117756
175.0,83,167.141555
175.0,88,167.166637
10.0,86,167.475875
-50.0,86,167.776572
125.0,86,168.089145
80.0,88,168.402912
0.0,82,168.685397
175.0,88,168.966207
175.0,82,168.990104
0.0,90,169.015364
175.0,84,169.039212
0.0,84,169.062915
-75.0,88,169.375617
125.0,90,169.702355
120.0,83,170.002281
25.0,87,170.302814
-40.0,83,170.596105
175.0,86,170.864918
0.0,91,170.891052
175.0,83,170.91462
175.0,89,170.939778
0.0,90,170.964829
110.0,86,171.271586
75.0,82,171.557759
-200.0,91,171.878135
60.0,83,172.171518
-175.0,91,172.491808
0.0,81,172.743192
0.0,86,172.769774
175.0,85,172.793594
175.0,84,172.817186
175.0,82,172.840722
10.0,86,173.152941
60.0,86,173.455579
80.0,84,173.753607
160.0,84,174.049223
150.0,86,174.356327
175.0,89,174.634173
0.0,91,174.660611
0.0,84,174.684301
0.0,86,174.709122
0.0,90,174.735359
150.0,81,175.025805
100.0,82,175.307062
10.0,89,175.617008
75.0,82,175.909537
120.0,89,176.220976
0.0,86,176.512721
175.0,82,176.536473
0.0,90,176.561655
175.0,83,176.585411
175.0,83,176.609022
-200.0,83,176.896623
110.0,88,177.205068
-100.0,90,177.527996
-140.0,86,177.822193
125.0,89,178.131423
175.0,88,178.394331
0.0,91,178.420873
0.0,84,178.444543
0.0,85,178.468289
0.0,90,178.49346
-225.0,90,178.812512
45.0,86,179.105334
10.0,84,179.399797
-100.0,81,179.692304
-200.0,85,179.988799
175.0,84,180.269287
0.0,85,180.293655
175.0,82,180.31773
175.0,87,180.343089
175.0,81,180.36706
125.0,84,180.667458
190.0,82,180.959301
-55.0,85,181.258479
110.0,91,181.579111
85.0,85,181.880033
0.0,89,182.159055
175.0,82,182.182745
175.0,86,182.207817
175.0,88,182.233093
175.0,88,182.258267
125.0,82,182.555487
-30.0,88,182.86612
200.0,83,183.160465
200.0,83,183.446898
25.0,89,183.765532
50.0,84,184.047045
175.0,89,184.072377
50.0,85,184.096253
175.0,92,184.122634
175.0,91,184.148992
-70.0,83,184.446165
150.0,81,184.732179
50.0,84,185.025266
55.0,84,185.318854
155.0,88,185.63153
175.0,82,185.934585
175.0,87,185.95977
0.0,91,185.989584
0.0,89,186.014603
175.0,85,186.038337
75.0,86,186.3531
-145.0,87,186.660521
-175.0,87,186.959922
55.0,82,187.253138
0.0,87,187.558515
0.0,84,187.821939
0.0,90,187.847512
175.0,88,187.873059
0.0,90,187.898714
0.0,86,187.924066
-175.0,90,188.242412
185.0,91,188.564658
75.0,86,188.859233
140.0,89,189.167084
25.0,87,189.473134
0.0,84,189.692906
0.0,85,189.717246
175.0,87,189.742207
0.0,92,189.768589
175.0,85,189.792369
